metoda,uredjaj,izvor,N,d,k,ef_search,broj_upita,medijana_ms,min_ms,max_ms,ponavljanja,warmup,recall,zamene,max_razlika,propusni_opseg_gbps,procenat_opsega,stanje_gpu,vreme_pokretanja
propusni_opseg,gpu,,,,,,,0.783776,0.782336,1.306624,20,1159,,,,684.98,,P2 1980/9251 MHz,2026-09-22T18:14:40
prenos_korpusa,gpu,msmarco,10000,768,,,100,2.354,2.349312,2.691488,20,223,,,,13.05,,P2 1980/9251 MHz,2026-09-22T18:14:41
gpu_s1,gpu,msmarco,10000,768,,,100,0.108544,0.10752,0.109568,100,6758,,,9.537e-07,283.42,41.4,P2 1980/9251 MHz,2026-09-22T18:14:42
gpu_s2,gpu,msmarco,10000,768,,,100,0.047104,0.04608,0.055296,100,11864,,,1.192e-07,653.09,95.3,P2 1980/9251 MHz,2026-09-22T18:14:43
gpu_s3,gpu,msmarco,10000,768,,,100,0.048128,0.047104,0.050176,100,11579,,,1.192e-07,639.19,93.3,P2 1980/9251 MHz,2026-09-22T18:14:45
gpu_s4,gpu,msmarco,10000,768,,,100,0.047104,0.04608,0.049152,100,11637,,,1.192e-07,653.09,95.3,P2 1980/9251 MHz,2026-09-22T18:14:46
gpu_s5,gpu,msmarco,10000,768,,,100,0.047104,0.046784,0.0512,100,8266,,,1.192e-07,653.09,95.3,P2 1980/9251 MHz,2026-09-22T18:14:47
prenos_korpusa,gpu,msmarco,100000,768,,,100,23.765136,23.352448,25.890593,20,19,,,,12.93,,P2 1980/9251 MHz,2026-09-22T18:14:49
gpu_s1,gpu,msmarco,100000,768,,,100,2.905552,2.806784,3.87584,100,332,,,9.537e-07,105.87,15.5,P2 1980/9251 MHz,2026-09-22T18:14:51
gpu_s2,gpu,msmarco,100000,768,,,100,0.431104,0.43008,1.307648,100,1970,,,1.192e-07,713.52,104.2,P2 1980/9251 MHz,2026-09-22T18:14:53
gpu_s3,gpu,msmarco,100000,768,,,100,0.43296,0.432128,0.802816,100,2049,,,1.192e-07,710.47,103.7,P2 1965/9251 MHz,2026-09-22T18:14:56
gpu_s4,gpu,msmarco,100000,768,,,100,0.431104,0.43008,0.7832,100,2061,,,1.788e-07,713.52,104.2,P2 1965/9251 MHz,2026-09-22T18:14:58
gpu_s5,gpu,msmarco,100000,768,,,100,0.432128,0.431104,0.799136,100,2049,,,1.788e-07,711.83,103.9,P2 1965/9251 MHz,2026-09-22T18:15:00
prenos_korpusa,gpu,msmarco,1000000,768,,,100,237.993843,236.289825,242.489471,20,5,,,,12.91,,P2 1965/9251 MHz,2026-09-22T18:15:12
gpu_s1,gpu,msmarco,1000000,768,,,100,48.347281,46.917278,51.917824,100,21,,,1.132e-06,63.62,9.3,P2 1965/9251 MHz,2026-09-22T18:15:33
gpu_s2,gpu,msmarco,1000000,768,,,100,4.32128,4.2752,5.49744,100,188,,,1.788e-07,711.83,103.9,P2 1980/9251 MHz,2026-09-22T18:15:45
gpu_s3,gpu,msmarco,1000000,768,,,100,4.328384,4.28032,5.510144,100,175,,,1.788e-07,710.66,103.7,P2 1980/9251 MHz,2026-09-22T18:15:57
gpu_s4,gpu,msmarco,1000000,768,,,100,4.326272,4.2752,5.444384,100,189,,,1.788e-07,711.01,103.8,P2 1980/9251 MHz,2026-09-22T18:16:09
gpu_s5,gpu,msmarco,1000000,768,,,100,4.322304,4.276224,5.252096,100,188,,,2.384e-07,711.66,103.9,P2 1980/9251 MHz,2026-09-22T18:16:21
