timestamp, pstate, clocks.current.graphics [MHz], clocks.current.memory [MHz], temperature.gpu, power.draw [W], utilization.gpu [%], clocks_event_reasons.active
2026/09/22 00:16:45.953, P8, 210 MHz, 405 MHz, 53, 36.27 W, 21 %, 0x0000000000000001
2026/09/22 00:16:46.496, P2, 1980 MHz, 9251 MHz, 57, 115.26 W, 96 %, 0x0000000000000000
2026/09/22 00:16:47.022, P2, 1980 MHz, 9251 MHz, 58, 219.34 W, 97 %, 0x0000000000000000
2026/09/22 00:16:47.547, P2, 1980 MHz, 9251 MHz, 56, 219.37 W, 28 %, 0x0000000000000000
2026/09/22 00:16:48.059, P2, 1980 MHz, 9251 MHz, 56, 159.41 W, 56 %, 0x0000000000000000
2026/09/22 00:16:48.571, P2, 1980 MHz, 9251 MHz, 56, 132.02 W, 53 %, 0x0000000000000000
2026/09/22 00:16:49.083, P2, 1980 MHz, 9251 MHz, 56, 130.26 W, 0 %, 0x0000000000000000
2026/09/22 00:16:49.598, P2, 1980 MHz, 9251 MHz, 56, 129.30 W, 3 %, 0x0000000000000000
2026/09/22 00:16:50.118, P2, 1980 MHz, 9251 MHz, 56, 129.77 W, 1 %, 0x0000000000000000
2026/09/22 00:16:50.642, P2, 1980 MHz, 9251 MHz, 56, 122.51 W, 58 %, 0x0000000000000000
2026/09/22 00:16:51.153, P2, 1980 MHz, 9251 MHz, 56, 123.25 W, 54 %, 0x0000000000000000
2026/09/22 00:16:51.663, P2, 1980 MHz, 9251 MHz, 56, 129.91 W, 51 %, 0x0000000000000000
2026/09/22 00:16:52.172, P2, 1980 MHz, 9251 MHz, 56, 132.39 W, 56 %, 0x0000000000000000
2026/09/22 00:16:52.686, P2, 1980 MHz, 9251 MHz, 56, 131.55 W, 3 %, 0x0000000000000000
2026/09/22 00:16:53.196, P2, 1980 MHz, 9251 MHz, 57, 130.41 W, 1 %, 0x0000000000000000
2026/09/22 00:16:53.729, P2, 1980 MHz, 9251 MHz, 57, 130.25 W, 2 %, 0x0000000000000000
2026/09/22 00:16:54.240, P5, 450 MHz, 810 MHz, 55, 116.18 W, 4 %, 0x0000000000000001
2026/09/22 00:16:54.784, P5, 360 MHz, 810 MHz, 55, 69.99 W, 3 %, 0x0000000000000001
2026/09/22 00:16:55.318, P5, 300 MHz, 810 MHz, 54, 43.50 W, 3 %, 0x0000000000000001
2026/09/22 00:16:55.884, P5, 240 MHz, 810 MHz, 54, 40.48 W, 5 %, 0x0000000000000001
2026/09/22 00:16:56.457, P5, 210 MHz, 810 MHz, 54, 40.45 W, 8 %, 0x0000000000000001
2026/09/22 00:16:56.988, P8, 210 MHz, 405 MHz, 54, 39.64 W, 4 %, 0x0000000000000001
2026/09/22 00:16:57.546, P8, 210 MHz, 405 MHz, 54, 37.01 W, 7 %, 0x0000000000000001
2026/09/22 00:16:58.093, P8, 210 MHz, 405 MHz, 54, 35.55 W, 11 %, 0x0000000000000001
2026/09/22 00:16:58.652, P8, 210 MHz, 405 MHz, 54, 36.23 W, 17 %, 0x0000000000000001
2026/09/22 00:16:59.201, P8, 210 MHz, 405 MHz, 54, 35.72 W, 7 %, 0x0000000000000001
2026/09/22 00:16:59.761, P8, 210 MHz, 405 MHz, 54, 35.45 W, 7 %, 0x0000000000000001
2026/09/22 00:17:00.303, P8, 210 MHz, 405 MHz, 54, 35.90 W, 13 %, 0x0000000000000001
2026/09/22 00:17:00.853, P8, 210 MHz, 405 MHz, 54, 36.54 W, 19 %, 0x0000000000000001
2026/09/22 00:17:01.398, P8, 210 MHz, 405 MHz, 54, 36.52 W, 9 %, 0x0000000000000001
2026/09/22 00:17:01.959, P8, 210 MHz, 405 MHz, 54, 36.35 W, 20 %, 0x0000000000000001
2026/09/22 00:17:02.505, P8, 210 MHz, 405 MHz, 54, 36.41 W, 12 %, 0x0000000000000001
2026/09/22 00:17:03.068, P8, 210 MHz, 405 MHz, 54, 35.60 W, 2 %, 0x0000000000000001
2026/09/22 00:17:03.638, P8, 210 MHz, 405 MHz, 54, 36.46 W, 25 %, 0x0000000000000001
2026/09/22 00:17:04.186, P8, 210 MHz, 405 MHz, 54, 36.28 W, 14 %, 0x0000000000000001
2026/09/22 00:17:04.751, P8, 210 MHz, 405 MHz, 54, 36.43 W, 7 %, 0x0000000000000001
2026/09/22 00:17:05.315, P8, 210 MHz, 405 MHz, 54, 35.55 W, 1 %, 0x0000000000000001
2026/09/22 00:17:05.875, P8, 210 MHz, 405 MHz, 54, 35.43 W, 10 %, 0x0000000000000001
2026/09/22 00:17:06.445, P8, 210 MHz, 405 MHz, 54, 36.50 W, 13 %, 0x0000000000000001
2026/09/22 00:17:07.026, P8, 210 MHz, 405 MHz, 54, 36.96 W, 20 %, 0x0000000000000001
2026/09/22 00:17:07.572, P8, 210 MHz, 405 MHz, 54, 37.02 W, 15 %, 0x0000000000000001
2026/09/22 00:17:08.130, P8, 210 MHz, 405 MHz, 54, 37.03 W, 10 %, 0x0000000000000001
2026/09/22 00:17:08.675, P8, 210 MHz, 405 MHz, 54, 36.38 W, 10 %, 0x0000000000000001
2026/09/22 00:17:09.230, P8, 210 MHz, 405 MHz, 54, 35.25 W, 4 %, 0x0000000000000001
2026/09/22 00:17:09.771, P8, 210 MHz, 405 MHz, 54, 35.74 W, 34 %, 0x0000000000000001
2026/09/22 00:17:10.357, P8, 210 MHz, 405 MHz, 54, 37.21 W, 14 %, 0x0000000000000001
2026/09/22 00:17:10.939, P8, 210 MHz, 405 MHz, 54, 36.81 W, 25 %, 0x0000000000000001
2026/09/22 00:17:11.517, P8, 210 MHz, 405 MHz, 54, 37.10 W, 13 %, 0x0000000000000001
2026/09/22 00:17:12.097, P8, 210 MHz, 405 MHz, 54, 37.19 W, 16 %, 0x0000000000000001
2026/09/22 00:17:12.639, P8, 210 MHz, 405 MHz, 54, 37.19 W, 24 %, 0x0000000000000001
2026/09/22 00:17:13.199, P5, 645 MHz, 810 MHz, 54, 39.19 W, 72 %, 0x0000000000000001
2026/09/22 00:17:13.740, P5, 645 MHz, 810 MHz, 54, 41.22 W, 8 %, 0x0000000000000001
2026/09/22 00:17:14.282, P2, 1980 MHz, 9251 MHz, 56, 62.53 W, 57 %, 0x0000000000000000
2026/09/22 00:17:14.807, P2, 1980 MHz, 9251 MHz, 56, 103.69 W, 33 %, 0x0000000000000000
2026/09/22 00:17:15.322, P2, 1980 MHz, 9251 MHz, 56, 131.43 W, 19 %, 0x0000000000000000
2026/09/22 00:17:15.833, P2, 1980 MHz, 9251 MHz, 56, 131.97 W, 100 %, 0x0000000000000000
2026/09/22 00:17:16.351, P2, 1980 MHz, 9251 MHz, 57, 131.99 W, 98 %, 0x0000000000000000
2026/09/22 00:17:16.868, P2, 1980 MHz, 9251 MHz, 57, 132.01 W, 28 %, 0x0000000000000000
2026/09/22 00:17:17.390, P2, 1980 MHz, 9251 MHz, 57, 132.23 W, 69 %, 0x0000000000000000
2026/09/22 00:17:17.906, P2, 1980 MHz, 9251 MHz, 57, 132.66 W, 59 %, 0x0000000000000000
2026/09/22 00:17:18.422, P2, 1980 MHz, 9251 MHz, 57, 132.75 W, 68 %, 0x0000000000000000
2026/09/22 00:17:18.938, P2, 1980 MHz, 9251 MHz, 57, 132.54 W, 77 %, 0x0000000000000000
2026/09/22 00:17:19.453, P2, 1980 MHz, 9251 MHz, 57, 132.54 W, 22 %, 0x0000000000000000
2026/09/22 00:17:19.970, P2, 1980 MHz, 9251 MHz, 57, 133.14 W, 12 %, 0x0000000000000000
2026/09/22 00:17:20.492, P2, 1980 MHz, 9251 MHz, 57, 133.04 W, 100 %, 0x0000000000000000
2026/09/22 00:17:21.014, P2, 1980 MHz, 9251 MHz, 58, 132.76 W, 23 %, 0x0000000000000000
2026/09/22 00:17:21.529, P2, 1980 MHz, 9251 MHz, 58, 132.67 W, 32 %, 0x0000000000000000
2026/09/22 00:17:22.045, P2, 1980 MHz, 9251 MHz, 58, 132.88 W, 66 %, 0x0000000000000000
2026/09/22 00:17:22.562, P2, 1980 MHz, 9251 MHz, 58, 133.29 W, 57 %, 0x0000000000000000
2026/09/22 00:17:23.076, P2, 1980 MHz, 9251 MHz, 58, 133.20 W, 71 %, 0x0000000000000000
2026/09/22 00:17:23.593, P2, 1980 MHz, 9251 MHz, 58, 133.17 W, 28 %, 0x0000000000000000
2026/09/22 00:17:24.106, P2, 1980 MHz, 9251 MHz, 58, 133.37 W, 19 %, 0x0000000000000000
2026/09/22 00:17:24.630, P2, 1980 MHz, 9251 MHz, 58, 133.05 W, 0 %, 0x0000000000000000
2026/09/22 00:17:25.155, P2, 1980 MHz, 9251 MHz, 58, 132.21 W, 0 %, 0x0000000000000000
2026/09/22 00:17:25.671, P2, 1980 MHz, 9251 MHz, 58, 131.63 W, 0 %, 0x0000000000000000
2026/09/22 00:17:26.190, P5, 420 MHz, 810 MHz, 57, 117.18 W, 4 %, 0x0000000000000001
2026/09/22 00:17:26.748, P5, 330 MHz, 810 MHz, 56, 62.78 W, 2 %, 0x0000000000000001
2026/09/22 00:17:27.311, P5, 270 MHz, 810 MHz, 56, 41.77 W, 0 %, 0x0000000000000001
2026/09/22 00:17:27.843, P5, 210 MHz, 810 MHz, 56, 39.67 W, 0 %, 0x0000000000000001
2026/09/22 00:17:28.376, P8, 210 MHz, 405 MHz, 56, 37.76 W, 0 %, 0x0000000000000001
2026/09/22 00:17:28.922, P8, 210 MHz, 405 MHz, 56, 35.59 W, 0 %, 0x0000000000000001
2026/09/22 00:17:29.456, P8, 210 MHz, 405 MHz, 56, 34.96 W, 0 %, 0x0000000000000001
2026/09/22 00:17:30.000, P8, 210 MHz, 405 MHz, 56, 34.83 W, 2 %, 0x0000000000000001
2026/09/22 00:17:30.549, P8, 210 MHz, 405 MHz, 56, 34.65 W, 0 %, 0x0000000000000001
2026/09/22 00:17:31.092, P8, 210 MHz, 405 MHz, 56, 34.51 W, 2 %, 0x0000000000000001
2026/09/22 00:17:31.629, P8, 210 MHz, 405 MHz, 55, 34.60 W, 1 %, 0x0000000000000001
2026/09/22 00:17:32.198, P8, 210 MHz, 405 MHz, 56, 34.62 W, 0 %, 0x0000000000000001
2026/09/22 00:17:32.735, P8, 210 MHz, 405 MHz, 56, 34.55 W, 1 %, 0x0000000000000001
2026/09/22 00:17:33.269, P8, 210 MHz, 405 MHz, 56, 34.38 W, 0 %, 0x0000000000000001
2026/09/22 00:17:33.816, P8, 210 MHz, 405 MHz, 55, 34.36 W, 0 %, 0x0000000000000001
2026/09/22 00:17:34.353, P8, 210 MHz, 405 MHz, 55, 34.48 W, 0 %, 0x0000000000000001
2026/09/22 00:17:34.912, P8, 210 MHz, 405 MHz, 55, 34.49 W, 0 %, 0x0000000000000001
2026/09/22 00:17:35.475, P8, 210 MHz, 405 MHz, 55, 34.80 W, 0 %, 0x0000000000000001
2026/09/22 00:17:36.007, P8, 210 MHz, 405 MHz, 55, 34.84 W, 2 %, 0x0000000000000001
2026/09/22 00:17:36.556, P8, 210 MHz, 405 MHz, 55, 34.94 W, 9 %, 0x0000000000000001
2026/09/22 00:17:37.127, P8, 210 MHz, 405 MHz, 55, 36.08 W, 0 %, 0x0000000000000001
2026/09/22 00:17:37.676, P8, 210 MHz, 405 MHz, 55, 36.70 W, 9 %, 0x0000000000000001
2026/09/22 00:17:38.223, P8, 210 MHz, 405 MHz, 55, 36.47 W, 18 %, 0x0000000000000001
2026/09/22 00:17:38.774, P8, 210 MHz, 405 MHz, 55, 36.60 W, 17 %, 0x0000000000000001
2026/09/22 00:17:39.328, P8, 210 MHz, 405 MHz, 55, 37.12 W, 11 %, 0x0000000000000001
2026/09/22 00:17:39.885, P8, 210 MHz, 405 MHz, 55, 36.90 W, 25 %, 0x0000000000000001
2026/09/22 00:17:40.418, P8, 210 MHz, 405 MHz, 55, 38.17 W, 11 %, 0x0000000000000001
2026/09/22 00:17:40.950, P8, 210 MHz, 405 MHz, 55, 38.07 W, 14 %, 0x0000000000000001
2026/09/22 00:17:41.510, P8, 210 MHz, 405 MHz, 55, 36.18 W, 2 %, 0x0000000000000001
2026/09/22 00:17:42.059, P8, 210 MHz, 405 MHz, 55, 36.23 W, 9 %, 0x0000000000000001
2026/09/22 00:17:42.605, P8, 210 MHz, 405 MHz, 55, 37.07 W, 13 %, 0x0000000000000001
2026/09/22 00:17:43.222, P8, 210 MHz, 405 MHz, 55, 39.01 W, 26 %, 0x0000000000000001
2026/09/22 00:17:43.802, P8, 210 MHz, 405 MHz, 55, 40.19 W, 28 %, 0x0000000000000001
2026/09/22 00:17:44.356, P8, 210 MHz, 405 MHz, 55, 38.88 W, 15 %, 0x0000000000000001
2026/09/22 00:17:44.901, P8, 210 MHz, 405 MHz, 55, 37.42 W, 20 %, 0x0000000000000001
2026/09/22 00:17:45.454, P8, 210 MHz, 405 MHz, 55, 36.50 W, 6 %, 0x0000000000000001
2026/09/22 00:17:45.996, P8, 210 MHz, 405 MHz, 55, 35.97 W, 0 %, 0x0000000000000001
2026/09/22 00:17:46.548, P8, 210 MHz, 405 MHz, 55, 36.34 W, 0 %, 0x0000000000000001
2026/09/22 00:17:47.110, P8, 210 MHz, 405 MHz, 55, 36.72 W, 9 %, 0x0000000000000001
2026/09/22 00:17:47.675, P8, 210 MHz, 405 MHz, 55, 35.97 W, 4 %, 0x0000000000000001
2026/09/22 00:17:48.233, P8, 210 MHz, 405 MHz, 55, 35.17 W, 0 %, 0x0000000000000001
2026/09/22 00:17:48.776, P8, 210 MHz, 405 MHz, 55, 34.94 W, 15 %, 0x0000000000000001
2026/09/22 00:17:49.325, P8, 210 MHz, 405 MHz, 55, 35.67 W, 9 %, 0x0000000000000001
2026/09/22 00:17:49.885, P8, 210 MHz, 405 MHz, 55, 36.66 W, 20 %, 0x0000000000000001
2026/09/22 00:17:50.444, P8, 210 MHz, 405 MHz, 55, 37.35 W, 17 %, 0x0000000000000001
2026/09/22 00:17:50.981, P8, 210 MHz, 405 MHz, 55, 36.65 W, 0 %, 0x0000000000000001
2026/09/22 00:17:51.528, P8, 210 MHz, 405 MHz, 55, 35.59 W, 10 %, 0x0000000000000001
2026/09/22 00:17:52.090, P8, 210 MHz, 405 MHz, 55, 34.69 W, 0 %, 0x0000000000000001
2026/09/22 00:17:52.645, P8, 210 MHz, 405 MHz, 55, 35.63 W, 4 %, 0x0000000000000001
2026/09/22 00:17:53.196, P8, 210 MHz, 405 MHz, 55, 36.18 W, 5 %, 0x0000000000000001
2026/09/22 00:17:53.748, P8, 210 MHz, 405 MHz, 55, 35.33 W, 10 %, 0x0000000000000001
2026/09/22 00:17:54.289, P8, 210 MHz, 405 MHz, 55, 35.75 W, 4 %, 0x0000000000000001
2026/09/22 00:17:54.836, P8, 210 MHz, 405 MHz, 55, 35.83 W, 10 %, 0x0000000000000001
2026/09/22 00:17:55.387, P8, 210 MHz, 405 MHz, 55, 35.85 W, 11 %, 0x0000000000000001
2026/09/22 00:17:55.937, P8, 210 MHz, 405 MHz, 55, 36.60 W, 19 %, 0x0000000000000001
2026/09/22 00:17:56.495, P8, 210 MHz, 405 MHz, 55, 37.30 W, 19 %, 0x0000000000000001
2026/09/22 00:17:57.044, P8, 210 MHz, 405 MHz, 55, 37.15 W, 25 %, 0x0000000000000001
2026/09/22 00:17:57.595, P8, 210 MHz, 405 MHz, 55, 36.56 W, 0 %, 0x0000000000000001
2026/09/22 00:17:58.162, P8, 210 MHz, 405 MHz, 55, 35.10 W, 0 %, 0x0000000000000001
2026/09/22 00:17:58.719, P8, 210 MHz, 405 MHz, 55, 34.38 W, 0 %, 0x0000000000000001
2026/09/22 00:17:59.289, P8, 210 MHz, 405 MHz, 55, 34.79 W, 10 %, 0x0000000000000001
2026/09/22 00:17:59.862, P8, 210 MHz, 405 MHz, 55, 36.06 W, 15 %, 0x0000000000000001
2026/09/22 00:18:00.402, P8, 210 MHz, 405 MHz, 55, 36.53 W, 18 %, 0x0000000000000001
2026/09/22 00:18:00.945, P8, 210 MHz, 405 MHz, 55, 36.37 W, 7 %, 0x0000000000000001
2026/09/22 00:18:01.486, P8, 210 MHz, 405 MHz, 55, 35.76 W, 11 %, 0x0000000000000001
2026/09/22 00:18:02.045, P8, 210 MHz, 405 MHz, 55, 36.07 W, 9 %, 0x0000000000000001
2026/09/22 00:18:02.615, P8, 210 MHz, 405 MHz, 55, 36.75 W, 7 %, 0x0000000000000001
2026/09/22 00:18:03.222, P8, 210 MHz, 405 MHz, 55, 37.08 W, 11 %, 0x0000000000000001
2026/09/22 00:18:03.774, P8, 210 MHz, 405 MHz, 55, 36.01 W, 10 %, 0x0000000000000001
2026/09/22 00:18:04.319, P8, 210 MHz, 405 MHz, 55, 34.74 W, 0 %, 0x0000000000000001
2026/09/22 00:18:04.870, P8, 210 MHz, 405 MHz, 55, 35.24 W, 11 %, 0x0000000000000001
2026/09/22 00:18:05.405, P8, 210 MHz, 405 MHz, 55, 36.04 W, 15 %, 0x0000000000000001
2026/09/22 00:18:05.957, P8, 210 MHz, 405 MHz, 55, 35.87 W, 13 %, 0x0000000000000001
2026/09/22 00:18:06.527, P8, 210 MHz, 405 MHz, 55, 36.96 W, 20 %, 0x0000000000000001
2026/09/22 00:18:07.094, P8, 210 MHz, 405 MHz, 55, 36.73 W, 12 %, 0x0000000000000001
2026/09/22 00:18:07.638, P8, 210 MHz, 405 MHz, 55, 36.53 W, 4 %, 0x0000000000000001
2026/09/22 00:18:08.184, P8, 210 MHz, 405 MHz, 55, 36.42 W, 12 %, 0x0000000000000001
2026/09/22 00:18:08.727, P8, 210 MHz, 405 MHz, 55, 37.05 W, 7 %, 0x0000000000000001
2026/09/22 00:18:09.294, P8, 210 MHz, 405 MHz, 55, 36.01 W, 0 %, 0x0000000000000001
2026/09/22 00:18:09.849, P8, 210 MHz, 405 MHz, 55, 36.05 W, 15 %, 0x0000000000000001
2026/09/22 00:18:10.396, P8, 210 MHz, 405 MHz, 55, 37.21 W, 18 %, 0x0000000000000001
2026/09/22 00:18:10.931, P8, 210 MHz, 405 MHz, 55, 36.98 W, 18 %, 0x0000000000000001
2026/09/22 00:18:11.484, P8, 210 MHz, 405 MHz, 55, 36.50 W, 18 %, 0x0000000000000001
2026/09/22 00:18:12.043, P8, 210 MHz, 405 MHz, 55, 36.67 W, 27 %, 0x0000000000000001
2026/09/22 00:18:12.582, P8, 210 MHz, 405 MHz, 55, 36.79 W, 8 %, 0x0000000000000001
2026/09/22 00:18:13.136, P8, 210 MHz, 405 MHz, 55, 36.92 W, 9 %, 0x0000000000000001
2026/09/22 00:18:13.735, P8, 210 MHz, 405 MHz, 55, 37.75 W, 13 %, 0x0000000000000001
2026/09/22 00:18:14.300, P8, 210 MHz, 405 MHz, 55, 37.38 W, 8 %, 0x0000000000000001
2026/09/22 00:18:14.856, P8, 210 MHz, 405 MHz, 55, 37.26 W, 15 %, 0x0000000000000001
2026/09/22 00:18:15.419, P8, 210 MHz, 405 MHz, 55, 37.33 W, 14 %, 0x0000000000000001
2026/09/22 00:18:15.979, P8, 210 MHz, 405 MHz, 55, 36.88 W, 16 %, 0x0000000000000001
2026/09/22 00:18:16.522, P8, 210 MHz, 405 MHz, 55, 36.39 W, 20 %, 0x0000000000000001
2026/09/22 00:18:17.077, P8, 210 MHz, 405 MHz, 55, 35.05 W, 0 %, 0x0000000000000001
2026/09/22 00:18:17.634, P8, 210 MHz, 405 MHz, 55, 35.53 W, 2 %, 0x0000000000000001
2026/09/22 00:18:18.185, P8, 210 MHz, 405 MHz, 55, 36.49 W, 10 %, 0x0000000000000001
2026/09/22 00:18:18.747, P8, 210 MHz, 405 MHz, 55, 36.41 W, 7 %, 0x0000000000000001
2026/09/22 00:18:19.297, P8, 210 MHz, 405 MHz, 55, 36.21 W, 4 %, 0x0000000000000001
2026/09/22 00:18:19.853, P8, 210 MHz, 405 MHz, 55, 35.76 W, 5 %, 0x0000000000000001
2026/09/22 00:18:20.416, P8, 210 MHz, 405 MHz, 55, 35.81 W, 16 %, 0x0000000000000001
2026/09/22 00:18:20.997, P8, 210 MHz, 405 MHz, 55, 36.95 W, 21 %, 0x0000000000000001
2026/09/22 00:18:21.556, P8, 210 MHz, 405 MHz, 55, 37.71 W, 18 %, 0x0000000000000001
2026/09/22 00:18:22.103, P8, 210 MHz, 405 MHz, 55, 37.73 W, 22 %, 0x0000000000000001
2026/09/22 00:18:22.676, P8, 210 MHz, 405 MHz, 55, 36.72 W, 2 %, 0x0000000000000001
2026/09/22 00:18:23.224, P8, 210 MHz, 405 MHz, 55, 36.05 W, 0 %, 0x0000000000000001
2026/09/22 00:18:23.758, P8, 210 MHz, 405 MHz, 55, 36.37 W, 4 %, 0x0000000000000001
2026/09/22 00:18:24.303, P8, 210 MHz, 405 MHz, 55, 36.65 W, 9 %, 0x0000000000000001
2026/09/22 00:18:24.898, P8, 210 MHz, 405 MHz, 55, 36.15 W, 10 %, 0x0000000000000001
2026/09/22 00:18:25.457, P8, 210 MHz, 405 MHz, 55, 35.42 W, 15 %, 0x0000000000000001
2026/09/22 00:18:26.015, P8, 210 MHz, 405 MHz, 55, 36.61 W, 22 %, 0x0000000000000001
2026/09/22 00:18:26.590, P8, 210 MHz, 405 MHz, 55, 37.13 W, 19 %, 0x0000000000000001
2026/09/22 00:18:27.149, P8, 210 MHz, 405 MHz, 55, 36.68 W, 9 %, 0x0000000000000001
2026/09/22 00:18:27.712, P8, 210 MHz, 405 MHz, 55, 38.05 W, 21 %, 0x0000000000000001
2026/09/22 00:18:28.271, P8, 210 MHz, 405 MHz, 55, 38.08 W, 18 %, 0x0000000000000001
2026/09/22 00:18:28.835, P8, 210 MHz, 405 MHz, 55, 37.59 W, 16 %, 0x0000000000000001
2026/09/22 00:18:29.389, P8, 210 MHz, 405 MHz, 55, 36.41 W, 2 %, 0x0000000000000001
2026/09/22 00:18:29.952, P8, 210 MHz, 405 MHz, 55, 35.26 W, 13 %, 0x0000000000000001
2026/09/22 00:18:30.512, P8, 210 MHz, 405 MHz, 55, 36.43 W, 13 %, 0x0000000000000001
2026/09/22 00:18:31.066, P8, 210 MHz, 405 MHz, 55, 36.68 W, 25 %, 0x0000000000000001
2026/09/22 00:18:31.613, P8, 210 MHz, 405 MHz, 55, 36.21 W, 17 %, 0x0000000000000001
2026/09/22 00:18:32.149, P8, 210 MHz, 405 MHz, 55, 37.20 W, 23 %, 0x0000000000000001
2026/09/22 00:18:32.712, P8, 210 MHz, 405 MHz, 55, 37.51 W, 18 %, 0x0000000000000001
2026/09/22 00:18:33.262, P8, 210 MHz, 405 MHz, 55, 35.96 W, 12 %, 0x0000000000000001
2026/09/22 00:18:33.827, P8, 210 MHz, 405 MHz, 55, 35.46 W, 9 %, 0x0000000000000001
2026/09/22 00:18:34.404, P8, 210 MHz, 405 MHz, 55, 36.08 W, 8 %, 0x0000000000000001
2026/09/22 00:18:34.960, P8, 210 MHz, 405 MHz, 55, 35.84 W, 14 %, 0x0000000000000001
2026/09/22 00:18:35.533, P8, 210 MHz, 405 MHz, 55, 36.00 W, 10 %, 0x0000000000000001
2026/09/22 00:18:36.087, P8, 210 MHz, 405 MHz, 55, 36.53 W, 12 %, 0x0000000000000001
2026/09/22 00:18:36.644, P8, 210 MHz, 405 MHz, 55, 36.06 W, 10 %, 0x0000000000000001
2026/09/22 00:18:37.194, P8, 210 MHz, 405 MHz, 55, 36.26 W, 24 %, 0x0000000000000001
2026/09/22 00:18:37.759, P8, 210 MHz, 405 MHz, 55, 37.47 W, 10 %, 0x0000000000000001
2026/09/22 00:18:38.315, P8, 210 MHz, 405 MHz, 55, 37.11 W, 19 %, 0x0000000000000001
2026/09/22 00:18:38.874, P8, 210 MHz, 405 MHz, 55, 37.43 W, 16 %, 0x0000000000000001
2026/09/22 00:18:39.430, P8, 210 MHz, 405 MHz, 55, 37.26 W, 9 %, 0x0000000000000001
2026/09/22 00:18:39.996, P8, 210 MHz, 405 MHz, 55, 36.50 W, 3 %, 0x0000000000000001
2026/09/22 00:18:40.561, P8, 210 MHz, 405 MHz, 55, 37.16 W, 24 %, 0x0000000000000001
2026/09/22 00:18:41.122, P8, 210 MHz, 405 MHz, 55, 37.89 W, 12 %, 0x0000000000000001
2026/09/22 00:18:41.670, P8, 210 MHz, 405 MHz, 55, 38.54 W, 13 %, 0x0000000000000001
2026/09/22 00:18:42.232, P8, 210 MHz, 405 MHz, 55, 39.07 W, 26 %, 0x0000000000000001
2026/09/22 00:18:42.781, P8, 210 MHz, 405 MHz, 55, 38.22 W, 14 %, 0x0000000000000001
2026/09/22 00:18:43.340, P8, 210 MHz, 405 MHz, 55, 36.56 W, 15 %, 0x0000000000000001
2026/09/22 00:18:43.917, P8, 210 MHz, 405 MHz, 55, 36.77 W, 18 %, 0x0000000000000001
2026/09/22 00:18:44.462, P8, 210 MHz, 405 MHz, 55, 36.35 W, 5 %, 0x0000000000000001
2026/09/22 00:18:45.027, P8, 210 MHz, 405 MHz, 55, 35.62 W, 4 %, 0x0000000000000001
2026/09/22 00:18:45.634, P8, 210 MHz, 405 MHz, 55, 36.15 W, 10 %, 0x0000000000000001
2026/09/22 00:18:46.196, P8, 210 MHz, 405 MHz, 55, 38.29 W, 27 %, 0x0000000000000001
2026/09/22 00:18:46.742, P8, 210 MHz, 405 MHz, 55, 39.89 W, 24 %, 0x0000000000000001
2026/09/22 00:18:47.294, P8, 210 MHz, 405 MHz, 55, 38.38 W, 25 %, 0x0000000000000001
2026/09/22 00:18:47.865, P8, 210 MHz, 405 MHz, 55, 37.39 W, 19 %, 0x0000000000000001
2026/09/22 00:18:48.420, P8, 210 MHz, 405 MHz, 55, 36.21 W, 2 %, 0x0000000000000001
2026/09/22 00:18:48.978, P8, 210 MHz, 405 MHz, 55, 34.68 W, 3 %, 0x0000000000000001
2026/09/22 00:18:49.549, P8, 210 MHz, 405 MHz, 54, 34.48 W, 2 %, 0x0000000000000001
2026/09/22 00:18:50.094, P8, 210 MHz, 405 MHz, 54, 34.58 W, 0 %, 0x0000000000000001
2026/09/22 00:18:50.653, P8, 210 MHz, 405 MHz, 54, 34.10 W, 0 %, 0x0000000000000001
2026/09/22 00:18:51.209, P8, 210 MHz, 405 MHz, 54, 33.88 W, 1 %, 0x0000000000000001
2026/09/22 00:18:51.756, P8, 210 MHz, 405 MHz, 54, 34.39 W, 16 %, 0x0000000000000001
2026/09/22 00:18:52.320, P8, 210 MHz, 405 MHz, 54, 36.21 W, 9 %, 0x0000000000000001
2026/09/22 00:18:52.865, P8, 210 MHz, 405 MHz, 55, 36.29 W, 7 %, 0x0000000000000001
2026/09/22 00:18:53.401, P8, 210 MHz, 405 MHz, 55, 36.40 W, 15 %, 0x0000000000000001
2026/09/22 00:18:53.950, P8, 210 MHz, 405 MHz, 55, 36.42 W, 17 %, 0x0000000000000001
2026/09/22 00:18:54.513, P8, 210 MHz, 405 MHz, 55, 36.51 W, 13 %, 0x0000000000000001
2026/09/22 00:18:55.077, P8, 210 MHz, 405 MHz, 55, 37.03 W, 19 %, 0x0000000000000001
2026/09/22 00:18:55.624, P8, 210 MHz, 405 MHz, 55, 36.98 W, 18 %, 0x0000000000000001
2026/09/22 00:18:56.188, P8, 210 MHz, 405 MHz, 55, 37.30 W, 16 %, 0x0000000000000001
2026/09/22 00:18:56.759, P8, 210 MHz, 405 MHz, 55, 37.36 W, 18 %, 0x0000000000000001
2026/09/22 00:18:57.318, P8, 210 MHz, 405 MHz, 55, 37.37 W, 14 %, 0x0000000000000001
2026/09/22 00:18:57.860, P8, 210 MHz, 405 MHz, 55, 37.09 W, 15 %, 0x0000000000000001
2026/09/22 00:18:58.409, P8, 210 MHz, 405 MHz, 54, 36.97 W, 13 %, 0x0000000000000001
2026/09/22 00:18:58.981, P8, 210 MHz, 405 MHz, 54, 36.37 W, 0 %, 0x0000000000000001
2026/09/22 00:18:59.544, P8, 210 MHz, 405 MHz, 54, 36.59 W, 13 %, 0x0000000000000001
2026/09/22 00:19:00.132, P8, 210 MHz, 405 MHz, 54, 36.96 W, 8 %, 0x0000000000000001
2026/09/22 00:19:00.696, P8, 210 MHz, 405 MHz, 54, 36.63 W, 14 %, 0x0000000000000001
2026/09/22 00:19:01.262, P8, 210 MHz, 405 MHz, 54, 36.83 W, 12 %, 0x0000000000000001
2026/09/22 00:19:01.836, P8, 210 MHz, 405 MHz, 55, 37.16 W, 13 %, 0x0000000000000001
2026/09/22 00:19:02.368, P8, 210 MHz, 405 MHz, 54, 36.95 W, 14 %, 0x0000000000000001
2026/09/22 00:19:02.918, P8, 210 MHz, 405 MHz, 54, 37.07 W, 11 %, 0x0000000000000001
2026/09/22 00:19:03.504, P8, 210 MHz, 405 MHz, 54, 37.47 W, 21 %, 0x0000000000000001
2026/09/22 00:19:04.084, P8, 210 MHz, 405 MHz, 54, 37.27 W, 14 %, 0x0000000000000001
2026/09/22 00:19:04.618, P8, 210 MHz, 405 MHz, 54, 37.53 W, 27 %, 0x0000000000000001
2026/09/22 00:19:05.158, P8, 210 MHz, 405 MHz, 54, 37.30 W, 16 %, 0x0000000000000001
2026/09/22 00:19:05.703, P8, 210 MHz, 405 MHz, 54, 36.87 W, 20 %, 0x0000000000000001
2026/09/22 00:19:06.280, P8, 210 MHz, 405 MHz, 54, 36.68 W, 13 %, 0x0000000000000001
2026/09/22 00:19:06.826, P8, 210 MHz, 405 MHz, 54, 36.73 W, 12 %, 0x0000000000000001
2026/09/22 00:19:07.380, P8, 210 MHz, 405 MHz, 54, 37.39 W, 15 %, 0x0000000000000001
2026/09/22 00:19:07.956, P8, 210 MHz, 405 MHz, 54, 36.24 W, 6 %, 0x0000000000000001
2026/09/22 00:19:08.518, P8, 210 MHz, 405 MHz, 54, 36.10 W, 16 %, 0x0000000000000001
2026/09/22 00:19:09.077, P8, 210 MHz, 405 MHz, 54, 36.25 W, 11 %, 0x0000000000000001
2026/09/22 00:19:09.626, P8, 210 MHz, 405 MHz, 54, 35.94 W, 16 %, 0x0000000000000001
2026/09/22 00:19:10.179, P8, 210 MHz, 405 MHz, 54, 36.26 W, 9 %, 0x0000000000000001
2026/09/22 00:19:10.727, P8, 210 MHz, 405 MHz, 54, 36.22 W, 4 %, 0x0000000000000001
2026/09/22 00:19:11.283, P8, 210 MHz, 405 MHz, 54, 36.32 W, 15 %, 0x0000000000000001
2026/09/22 00:19:11.845, P8, 210 MHz, 405 MHz, 54, 36.62 W, 18 %, 0x0000000000000001
2026/09/22 00:19:12.402, P8, 210 MHz, 405 MHz, 54, 36.46 W, 8 %, 0x0000000000000001
2026/09/22 00:19:12.949, P8, 210 MHz, 405 MHz, 54, 35.60 W, 0 %, 0x0000000000000001
2026/09/22 00:19:13.516, P8, 210 MHz, 405 MHz, 54, 35.74 W, 4 %, 0x0000000000000001
2026/09/22 00:19:14.085, P8, 210 MHz, 405 MHz, 54, 36.03 W, 6 %, 0x0000000000000001
2026/09/22 00:19:14.679, P8, 210 MHz, 405 MHz, 54, 36.50 W, 13 %, 0x0000000000000001
2026/09/22 00:19:15.245, P8, 210 MHz, 405 MHz, 54, 36.68 W, 6 %, 0x0000000000000001
2026/09/22 00:19:15.801, P8, 210 MHz, 405 MHz, 54, 36.90 W, 17 %, 0x0000000000000001
2026/09/22 00:19:16.351, P8, 210 MHz, 405 MHz, 54, 36.76 W, 9 %, 0x0000000000000001
2026/09/22 00:19:16.905, P8, 210 MHz, 405 MHz, 54, 37.02 W, 29 %, 0x0000000000000001
